sample_id,sample_name,sample_label,input_fastq,output_fastq,output_size_bytes,bbduk_version,reads_in,bases_in,reads_out,bases_out,reads_removed,bases_removed,reads_qtrimmed,bases_qtrimmed,runtime_s
GFB-61811,clibMAGE-A32xnegative,GFB-61811_clibMAGE-A32xnegative,/cluster/project/reddy/marluca/NGS_pipeline/data/raw/P3408_LUCA-TCRA3/POOL-1195-comblib/run1-1000M/20251102122702222-252273/original/GFB-61811_2510601042_1_clibMAGE-A32xnegative/raw_data/GFB-61811_2510601042_1_clibMAGE-A32xnegative_S1_L001_R1_001.fastq.gz,/cluster/project/reddy/katja/NGS_pipeline/data/P3408_LUCA-TCRA3/processed/GFB-61811_clibMAGE-A32xnegative/GFB-61811_2510601042_1_clibMAGE-A32xnegative_S1_L001_R1_001.trimmed.fastq.gz,2205193739,39.33,31276031,6255206200,16036183,3187843710,15239848,3067362490,18752741,3067362490,129.1262035369873
GFB-61811,clibMAGE-A32xnegative,GFB-61811_clibMAGE-A32xnegative,/cluster/project/reddy/marluca/NGS_pipeline/data/raw/P3408_LUCA-TCRA3/POOL-1195-comblib/run2-500M/20251105212835247-252775/original/GFB-61811_2510680936_1_clibMAGE-A32xnegative/raw_data/GFB-61811_2510680936_1_clibMAGE-A32xnegative_S1_L001_R1_001.fastq.gz,/cluster/project/reddy/katja/NGS_pipeline/data/P3408_LUCA-TCRA3/processed/GFB-61811_clibMAGE-A32xnegative/GFB-61811_2510680936_1_clibMAGE-A32xnegative_S1_L001_R1_001.trimmed.fastq.gz,1088809457,39.33,16957339,3391467800,8280714,1647546431,8676625,1743921369,10332736,1743921369,69.26428651809692
GFB-61811,clibMAGE-A32xnegative,GFB-61811_clibMAGE-A32xnegative,/cluster/project/reddy/marluca/NGS_pipeline/data/raw/P3408_LUCA-TCRA3/POOL-1195-comblib/run1-1000M/20251102122709005-252279/original/GFB-61811_2510601042_2_clibMAGE-A32xnegative/raw_data/GFB-61811_2510601042_2_clibMAGE-A32xnegative_S1_L002_R1_001.fastq.gz,/cluster/project/reddy/katja/NGS_pipeline/data/P3408_LUCA-TCRA3/processed/GFB-61811_clibMAGE-A32xnegative/GFB-61811_2510601042_2_clibMAGE-A32xnegative_S1_L002_R1_001.trimmed.fastq.gz,2746797039,39.33,41011350,8202270000,21026110,4183515894,19985240,4018754106,24192611,4018754106,175.05456447601318
GFB-61811,clibMAGE-A32xnegative,GFB-61811_clibMAGE-A32xnegative,/cluster/project/reddy/marluca/NGS_pipeline/data/raw/P3408_LUCA-TCRA3/POOL-1195-comblib/run2-500M/20251105212731335-252764/original/GFB-61811_2510680936_2_clibMAGE-A32xnegative/raw_data/GFB-61811_2510680936_2_clibMAGE-A32xnegative_S1_L002_R1_001.fastq.gz,/cluster/project/reddy/katja/NGS_pipeline/data/P3408_LUCA-TCRA3/processed/GFB-61811_clibMAGE-A32xnegative/GFB-61811_2510680936_2_clibMAGE-A32xnegative_S1_L002_R1_001.trimmed.fastq.gz,1245040371,39.33,20811611,4162322200,9899658,1970848824,10911953,2191473376,12735076,2191473376,84.98560500144958
GFB-61812,clibTitin2xnegative,GFB-61812_clibTitin2xnegative,/cluster/project/reddy/marluca/NGS_pipeline/data/raw/P3408_LUCA-TCRA3/POOL-1195-comblib/run1-1000M/20251102122653204-252266/original/GFB-61812_2510601042_1_clibTitin2xnegative/raw_data/GFB-61812_2510601042_1_clibTitin2xnegative_S2_L001_R1_001.fastq.gz,/cluster/project/reddy/katja/NGS_pipeline/data/P3408_LUCA-TCRA3/processed/GFB-61812_clibTitin2xnegative/GFB-61812_2510601042_1_clibTitin2xnegative_S2_L001_R1_001.trimmed.fastq.gz,1651577396,39.33,20788874,4157774800,11915779,2368835718,8873095,1788939082,11459085,1788939082,91.41915440559387
GFB-61812,clibTitin2xnegative,GFB-61812_clibTitin2xnegative,/cluster/project/reddy/marluca/NGS_pipeline/data/raw/P3408_LUCA-TCRA3/POOL-1195-comblib/run2-500M/20251105212700294-252760/original/GFB-61812_2510680936_1_clibTitin2xnegative/raw_data/GFB-61812_2510680936_1_clibTitin2xnegative_S2_L001_R1_001.fastq.gz,/cluster/project/reddy/katja/NGS_pipeline/data/P3408_LUCA-TCRA3/processed/GFB-61812_clibTitin2xnegative/GFB-61812_2510680936_1_clibTitin2xnegative_S2_L001_R1_001.trimmed.fastq.gz,914173405,39.33,11950404,2390080800,6952157,1383447564,4998247,1006633236,6341492,1006633236,52.22349548339844
GFB-61812,clibTitin2xnegative,GFB-61812_clibTitin2xnegative,/cluster/project/reddy/marluca/NGS_pipeline/data/raw/P3408_LUCA-TCRA3/POOL-1195-comblib/run1-1000M/20251102122655910-252268/original/GFB-61812_2510601042_2_clibTitin2xnegative/raw_data/GFB-61812_2510601042_2_clibTitin2xnegative_S2_L002_R1_001.fastq.gz,/cluster/project/reddy/katja/NGS_pipeline/data/P3408_LUCA-TCRA3/processed/GFB-61812_clibTitin2xnegative/GFB-61812_2510601042_2_clibTitin2xnegative_S2_L002_R1_001.trimmed.fastq.gz,1843948444,39.33,25179875,5035975000,14226519,2831936794,10953356,2204038206,13554807,2204038206,112.16926836967468
GFB-61812,clibTitin2xnegative,GFB-61812_clibTitin2xnegative,/cluster/project/reddy/marluca/NGS_pipeline/data/raw/P3408_LUCA-TCRA3/POOL-1195-comblib/run2-500M/20251105212755449-252770/original/GFB-61812_2510680936_2_clibTitin2xnegative/raw_data/GFB-61812_2510680936_2_clibTitin2xnegative_S2_L002_R1_001.fastq.gz,/cluster/project/reddy/katja/NGS_pipeline/data/P3408_LUCA-TCRA3/processed/GFB-61812_clibTitin2xnegative/GFB-61812_2510680936_2_clibTitin2xnegative_S2_L002_R1_001.trimmed.fastq.gz,916015598,39.33,13312388,2662477600,7431265,1480191128,5881123,1182286472,7103935,1182286472,56.19429421424866
GFB-61813,clibKH1582xnegative,GFB-61813_clibKH1582xnegative,/cluster/project/reddy/marluca/NGS_pipeline/data/raw/P3408_LUCA-TCRA3/POOL-1195-comblib/run1-1000M/20251102122651244-252265/original/GFB-61813_2510601042_1_clibKH1582xnegative/raw_data/GFB-61813_2510601042_1_clibKH1582xnegative_S3_L001_R1_001.fastq.gz,/cluster/project/reddy/katja/NGS_pipeline/data/P3408_LUCA-TCRA3/processed/GFB-61813_clibKH1582xnegative/GFB-61813_2510601042_1_clibKH1582xnegative_S3_L001_R1_001.trimmed.fastq.gz,1644919787,39.33,21266850,4253370000,11959523,2378341302,9307327,1875028698,11757424,1875028698,90.31305480003357
GFB-61813,clibKH1582xnegative,GFB-61813_clibKH1582xnegative,/cluster/project/reddy/marluca/NGS_pipeline/data/raw/P3408_LUCA-TCRA3/POOL-1195-comblib/run2-500M/20251105212757745-252772/original/GFB-61813_2510680936_1_clibKH1582xnegative/raw_data/GFB-61813_2510680936_1_clibKH1582xnegative_S3_L001_R1_001.fastq.gz,/cluster/project/reddy/katja/NGS_pipeline/data/P3408_LUCA-TCRA3/processed/GFB-61813_clibKH1582xnegative/GFB-61813_2510680936_1_clibKH1582xnegative_S3_L001_R1_001.trimmed.fastq.gz,898601724,39.33,12188341,2437668200,6883047,1370106407,5305294,1067561793,6558116,1067561793,52.62861752510071
GFB-61813,clibKH1582xnegative,GFB-61813_clibKH1582xnegative,/cluster/project/reddy/marluca/NGS_pipeline/data/raw/P3408_LUCA-TCRA3/POOL-1195-comblib/run1-1000M/20251102122703736-252274/original/GFB-61813_2510601042_2_clibKH1582xnegative/raw_data/GFB-61813_2510601042_2_clibKH1582xnegative_S3_L002_R1_001.fastq.gz,/cluster/project/reddy/katja/NGS_pipeline/data/P3408_LUCA-TCRA3/processed/GFB-61813_clibKH1582xnegative/GFB-61813_2510601042_2_clibKH1582xnegative_S3_L002_R1_001.trimmed.fastq.gz,2306803767,39.33,32575920,6515184000,17998216,3583747624,14577704,2931436376,17670087,2931436376,142.17237663269043
GFB-61813,clibKH1582xnegative,GFB-61813_clibKH1582xnegative,/cluster/project/reddy/marluca/NGS_pipeline/data/raw/P3408_LUCA-TCRA3/POOL-1195-comblib/run2-500M/20251105212729520-252763/original/GFB-61813_2510680936_2_clibKH1582xnegative/raw_data/GFB-61813_2510680936_2_clibKH1582xnegative_S3_L002_R1_001.fastq.gz,/cluster/project/reddy/katja/NGS_pipeline/data/P3408_LUCA-TCRA3/processed/GFB-61813_clibKH1582xnegative/GFB-61813_2510680936_2_clibKH1582xnegative_S3_L002_R1_001.trimmed.fastq.gz,1101415380,39.33,16745559,3349111800,9025292,1798105030,7720267,1551006770,9119048,1551006770,70.30115270614624
GFB-61814,clibKH1592xnegative,GFB-61814_clibKH1592xnegative,/cluster/project/reddy/marluca/NGS_pipeline/data/raw/P3408_LUCA-TCRA3/POOL-1195-comblib/run1-1000M/20251102122659573-252271/original/GFB-61814_2510601042_1_clibKH1592xnegative/raw_data/GFB-61814_2510601042_1_clibKH1592xnegative_S4_L001_R1_001.fastq.gz,/cluster/project/reddy/katja/NGS_pipeline/data/P3408_LUCA-TCRA3/processed/GFB-61814_clibKH1592xnegative/GFB-61814_2510601042_1_clibKH1592xnegative_S4_L001_R1_001.trimmed.fastq.gz,2369837564,39.33,30372402,6074480400,17910608,3562507970,12461794,2511972430,16038794,2511972430,136.27187609672546
GFB-61814,clibKH1592xnegative,GFB-61814_clibKH1592xnegative,/cluster/project/reddy/marluca/NGS_pipeline/data/raw/P3408_LUCA-TCRA3/POOL-1195-comblib/run2-500M/20251105212754527-252769/original/GFB-61814_2510680936_1_clibKH1592xnegative/raw_data/GFB-61814_2510680936_1_clibKH1592xnegative_S4_L001_R1_001.fastq.gz,/cluster/project/reddy/katja/NGS_pipeline/data/P3408_LUCA-TCRA3/processed/GFB-61814_clibKH1592xnegative/GFB-61814_2510680936_1_clibKH1592xnegative_S4_L001_R1_001.trimmed.fastq.gz,1239911930,39.33,17067857,3413571400,9856287,1962054067,7211570,1451517333,8999967,1451517333,73.29093480110168
GFB-61814,clibKH1592xnegative,GFB-61814_clibKH1592xnegative,/cluster/project/reddy/marluca/NGS_pipeline/data/raw/P3408_LUCA-TCRA3/POOL-1195-comblib/run1-1000M/20251102122712487-252283/original/GFB-61814_2510601042_2_clibKH1592xnegative/raw_data/GFB-61814_2510601042_2_clibKH1592xnegative_S4_L002_R1_001.fastq.gz,/cluster/project/reddy/katja/NGS_pipeline/data/P3408_LUCA-TCRA3/processed/GFB-61814_clibKH1592xnegative/GFB-61814_2510601042_2_clibKH1592xnegative_S4_L002_R1_001.trimmed.fastq.gz,3042775321,39.33,42769610,8553922000,24280948,4833875900,18488662,3720046100,22862377,3720046100,192.2330927848816
GFB-61814,clibKH1592xnegative,GFB-61814_clibKH1592xnegative,/cluster/project/reddy/marluca/NGS_pipeline/data/raw/P3408_LUCA-TCRA3/POOL-1195-comblib/run2-500M/20251105212739536-252765/original/GFB-61814_2510680936_2_clibKH1592xnegative/raw_data/GFB-61814_2510680936_2_clibKH1592xnegative_S4_L002_R1_001.fastq.gz,/cluster/project/reddy/katja/NGS_pipeline/data/P3408_LUCA-TCRA3/processed/GFB-61814_clibKH1592xnegative/GFB-61814_2510680936_2_clibKH1592xnegative_S4_L002_R1_001.trimmed.fastq.gz,1432722107,39.33,21846850,4369370000,11984354,2387196448,9862496,1982173552,11822011,1982173552,94.25652074813843
GFB-61815,clibKH1602xnegative,GFB-61815_clibKH1602xnegative,/cluster/project/reddy/marluca/NGS_pipeline/data/raw/P3408_LUCA-TCRA3/POOL-1195-comblib/run1-1000M/20251102122635741-252262/original/GFB-61815_2510601042_1_clibKH1602xnegative/raw_data/GFB-61815_2510601042_1_clibKH1602xnegative_S5_L001_R1_001.fastq.gz,/cluster/project/reddy/katja/NGS_pipeline/data/P3408_LUCA-TCRA3/processed/GFB-61815_clibKH1602xnegative/GFB-61815_2510601042_1_clibKH1602xnegative_S5_L001_R1_001.trimmed.fastq.gz,1446334672,39.33,19462394,3892478800,10777316,2143396283,8685078,1749082517,10897407,1749082517,83.04840779304504
GFB-61815,clibKH1602xnegative,GFB-61815_clibKH1602xnegative,/cluster/project/reddy/marluca/NGS_pipeline/data/raw/P3408_LUCA-TCRA3/POOL-1195-comblib/run2-500M/20251105212654171-252755/original/GFB-61815_2510680936_1_clibKH1602xnegative/raw_data/GFB-61815_2510680936_1_clibKH1602xnegative_S5_L001_R1_001.fastq.gz,/cluster/project/reddy/katja/NGS_pipeline/data/P3408_LUCA-TCRA3/processed/GFB-61815_clibKH1602xnegative/GFB-61815_2510680936_1_clibKH1602xnegative_S5_L001_R1_001.trimmed.fastq.gz,728817434,39.33,10825230,2165046000,5712908,1137251899,5112322,1027794101,6156133,1027794101,46.18037939071655
GFB-61815,clibKH1602xnegative,GFB-61815_clibKH1602xnegative,/cluster/project/reddy/marluca/NGS_pipeline/data/raw/P3408_LUCA-TCRA3/POOL-1195-comblib/run1-1000M/20251102122654560-252267/original/GFB-61815_2510601042_2_clibKH1602xnegative/raw_data/GFB-61815_2510601042_2_clibKH1602xnegative_S5_L002_R1_001.fastq.gz,/cluster/project/reddy/katja/NGS_pipeline/data/P3408_LUCA-TCRA3/processed/GFB-61815_clibKH1602xnegative/GFB-61815_2510601042_2_clibKH1602xnegative_S5_L002_R1_001.trimmed.fastq.gz,1614432626,39.33,25032533,5006506600,12768986,2542366944,12263547,2464139656,14513822,2464139656,105.13764762878418
GFB-61815,clibKH1602xnegative,GFB-61815_clibKH1602xnegative,/cluster/project/reddy/marluca/NGS_pipeline/data/raw/P3408_LUCA-TCRA3/POOL-1195-comblib/run2-500M/20251105212655100-252756/original/GFB-61815_2510680936_2_clibKH1602xnegative/raw_data/GFB-61815_2510680936_2_clibKH1602xnegative_S5_L002_R1_001.fastq.gz,/cluster/project/reddy/katja/NGS_pipeline/data/P3408_LUCA-TCRA3/processed/GFB-61815_clibKH1602xnegative/GFB-61815_2510680936_2_clibKH1602xnegative_S5_L002_R1_001.trimmed.fastq.gz,744502906,39.33,12912135,2582427000,6168583,1228844077,6743552,1353582923,7736884,1353582923,51.89840817451477
GFB-61816,clibKH1632xnegative,GFB-61816_clibKH1632xnegative,/cluster/project/reddy/marluca/NGS_pipeline/data/raw/P3408_LUCA-TCRA3/POOL-1195-comblib/run1-1000M/20251102122646770-252263/original/GFB-61816_2510601042_1_clibKH1632xnegative/raw_data/GFB-61816_2510601042_1_clibKH1632xnegative_S6_L001_R1_001.fastq.gz,/cluster/project/reddy/katja/NGS_pipeline/data/P3408_LUCA-TCRA3/processed/GFB-61816_clibKH1632xnegative/GFB-61816_2510601042_1_clibKH1632xnegative_S6_L001_R1_001.trimmed.fastq.gz,1600716745,39.33,20554589,4110917800,11852409,2356567726,8702180,1754350074,11226676,1754350074,87.60044765472412
GFB-61816,clibKH1632xnegative,GFB-61816_clibKH1632xnegative,/cluster/project/reddy/marluca/NGS_pipeline/data/raw/P3408_LUCA-TCRA3/POOL-1195-comblib/run2-500M/20251105212820999-252774/original/GFB-61816_2510680936_1_clibKH1632xnegative/raw_data/GFB-61816_2510680936_1_clibKH1632xnegative_S6_L001_R1_001.fastq.gz,/cluster/project/reddy/katja/NGS_pipeline/data/P3408_LUCA-TCRA3/processed/GFB-61816_clibKH1632xnegative/GFB-61816_2510680936_1_clibKH1632xnegative_S6_L001_R1_001.trimmed.fastq.gz,853651551,39.33,11615507,2323101400,6660509,1325497230,4954998,997604170,6229157,997604170,52.19671940803528
GFB-61816,clibKH1632xnegative,GFB-61816_clibKH1632xnegative,/cluster/project/reddy/marluca/NGS_pipeline/data/raw/P3408_LUCA-TCRA3/POOL-1195-comblib/run1-1000M/20251102122700783-252272/original/GFB-61816_2510601042_2_clibKH1632xnegative/raw_data/GFB-61816_2510601042_2_clibKH1632xnegative_S6_L002_R1_001.fastq.gz,/cluster/project/reddy/katja/NGS_pipeline/data/P3408_LUCA-TCRA3/processed/GFB-61816_clibKH1632xnegative/GFB-61816_2510601042_2_clibKH1632xnegative_S6_L002_R1_001.trimmed.fastq.gz,2085828044,39.33,29657543,5931508600,16461752,3276703497,13195791,2654805103,16232740,2654805103,133.38377618789673
GFB-61816,clibKH1632xnegative,GFB-61816_clibKH1632xnegative,/cluster/project/reddy/marluca/NGS_pipeline/data/raw/P3408_LUCA-TCRA3/POOL-1195-comblib/run2-500M/20251105212657059-252757/original/GFB-61816_2510680936_2_clibKH1632xnegative/raw_data/GFB-61816_2510680936_2_clibKH1632xnegative_S6_L002_R1_001.fastq.gz,/cluster/project/reddy/katja/NGS_pipeline/data/P3408_LUCA-TCRA3/processed/GFB-61816_clibKH1632xnegative/GFB-61816_2510680936_2_clibKH1632xnegative_S6_L002_R1_001.trimmed.fastq.gz,994760518,39.33,15274048,3054809600,8246473,1642485456,7027575,1412324144,8397637,1412324144,60.4603533744812
GFB-61817,clibKH1642xnegative,GFB-61817_clibKH1642xnegative,/cluster/project/reddy/marluca/NGS_pipeline/data/raw/P3408_LUCA-TCRA3/POOL-1195-comblib/run1-1000M/20251102122115274-252254/original/GFB-61817_2510601042_1_clibKH1642xnegative/raw_data/GFB-61817_2510601042_1_clibKH1642xnegative_S7_L001_R1_001.fastq.gz,/cluster/project/reddy/katja/NGS_pipeline/data/P3408_LUCA-TCRA3/processed/GFB-61817_clibKH1642xnegative/GFB-61817_2510601042_1_clibKH1642xnegative_S7_L001_R1_001.trimmed.fastq.gz,547409773,39.33,9867933,1973586600,3897407,774640738,5970526,1198945862,6839928,1198945862,39.91726899147034
GFB-61817,clibKH1642xnegative,GFB-61817_clibKH1642xnegative,/cluster/project/reddy/marluca/NGS_pipeline/data/raw/P3408_LUCA-TCRA3/POOL-1195-comblib/run2-500M/20251105212702760-252762/original/GFB-61817_2510680936_1_clibKH1642xnegative/raw_data/GFB-61817_2510680936_1_clibKH1642xnegative_S7_L001_R1_001.fastq.gz,/cluster/project/reddy/katja/NGS_pipeline/data/P3408_LUCA-TCRA3/processed/GFB-61817_clibKH1642xnegative/GFB-61817_2510680936_1_clibKH1642xnegative_S7_L001_R1_001.trimmed.fastq.gz,335942911,39.33,5843090,1168618000,2514300,500222982,3328790,668395018,3832983,668395018,24.41781759262085
GFB-61817,clibKH1642xnegative,GFB-61817_clibKH1642xnegative,/cluster/project/reddy/marluca/NGS_pipeline/data/raw/P3408_LUCA-TCRA3/POOL-1195-comblib/run1-1000M/20251102122112600-252251/original/GFB-61817_2510601042_2_clibKH1642xnegative/raw_data/GFB-61817_2510601042_2_clibKH1642xnegative_S7_L002_R1_001.fastq.gz,/cluster/project/reddy/katja/NGS_pipeline/data/P3408_LUCA-TCRA3/processed/GFB-61817_clibKH1642xnegative/GFB-61817_2510601042_2_clibKH1642xnegative_S7_L002_R1_001.trimmed.fastq.gz,898170748,39.33,14704022,2940804400,6866750,1366475324,7837272,1574329076,9161572,1574329076,62.246699810028076
GFB-61817,clibKH1642xnegative,GFB-61817_clibKH1642xnegative,/cluster/project/reddy/marluca/NGS_pipeline/data/raw/P3408_LUCA-TCRA3/POOL-1195-comblib/run2-500M/20251105212641431-252745/original/GFB-61817_2510680936_2_clibKH1642xnegative/raw_data/GFB-61817_2510680936_2_clibKH1642xnegative_S7_L002_R1_001.fastq.gz,/cluster/project/reddy/katja/NGS_pipeline/data/P3408_LUCA-TCRA3/processed/GFB-61817_clibKH1642xnegative/GFB-61817_2510680936_2_clibKH1642xnegative_S7_L002_R1_001.trimmed.fastq.gz,457670588,39.33,7731597,1546319400,3668185,730420791,4063412,815898609,4703963,815898609,30.914828777313232
GFB-61818,clibKH1652xnegative,GFB-61818_clibKH1652xnegative,/cluster/project/reddy/marluca/NGS_pipeline/data/raw/P3408_LUCA-TCRA3/POOL-1195-comblib/run1-1000M/20251102122706531-252277/original/GFB-61818_2510601042_1_clibKH1652xnegative/raw_data/GFB-61818_2510601042_1_clibKH1652xnegative_S8_L001_R1_001.fastq.gz,/cluster/project/reddy/katja/NGS_pipeline/data/P3408_LUCA-TCRA3/processed/GFB-61818_clibKH1652xnegative/GFB-61818_2510601042_1_clibKH1652xnegative_S8_L001_R1_001.trimmed.fastq.gz,2846182127,39.33,37584674,7516934800,21169597,4210555678,16415077,3306379122,20653706,3306379122,178.3025221824646
GFB-61818,clibKH1652xnegative,GFB-61818_clibKH1652xnegative,/cluster/project/reddy/marluca/NGS_pipeline/data/raw/P3408_LUCA-TCRA3/POOL-1195-comblib/run2-500M/20251105212756361-252771/original/GFB-61818_2510680936_1_clibKH1652xnegative/raw_data/GFB-61818_2510680936_1_clibKH1652xnegative_S8_L001_R1_001.fastq.gz,/cluster/project/reddy/katja/NGS_pipeline/data/P3408_LUCA-TCRA3/processed/GFB-61818_clibKH1652xnegative/GFB-61818_2510680936_1_clibKH1652xnegative_S8_L001_R1_001.trimmed.fastq.gz,1473959083,39.33,20819900,4163980000,11505182,2290216859,9314718,1873763141,11406691,1873763141,86.45506358146667
GFB-61818,clibKH1652xnegative,GFB-61818_clibKH1652xnegative,/cluster/project/reddy/marluca/NGS_pipeline/data/raw/P3408_LUCA-TCRA3/POOL-1195-comblib/run1-1000M/20251102122709917-252280/original/GFB-61818_2510601042_2_clibKH1652xnegative/raw_data/GFB-61818_2510601042_2_clibKH1652xnegative_S8_L002_R1_001.fastq.gz,/cluster/project/reddy/katja/NGS_pipeline/data/P3408_LUCA-TCRA3/processed/GFB-61818_clibKH1652xnegative/GFB-61818_2510601042_2_clibKH1652xnegative_S8_L002_R1_001.trimmed.fastq.gz,3328065308,39.33,46261040,9252208000,26225775,5221747670,20035265,4030460330,24597021,4030460330,205.56851744651794
GFB-61818,clibKH1652xnegative,GFB-61818_clibKH1652xnegative,/cluster/project/reddy/marluca/NGS_pipeline/data/raw/P3408_LUCA-TCRA3/POOL-1195-comblib/run2-500M/20251105212746611-252768/original/GFB-61818_2510680936_2_clibKH1652xnegative/raw_data/GFB-61818_2510680936_2_clibKH1652xnegative_S8_L002_R1_001.fastq.gz,/cluster/project/reddy/katja/NGS_pipeline/data/P3408_LUCA-TCRA3/processed/GFB-61818_clibKH1652xnegative/GFB-61818_2510680936_2_clibKH1652xnegative_S8_L002_R1_001.trimmed.fastq.gz,1575585173,39.33,23983584,4796716800,12987966,2587292480,10995618,2209424320,13075623,2209424320,94.94798421859741
GFB-61819,clibKH1672xnegative,GFB-61819_clibKH1672xnegative,/cluster/project/reddy/marluca/NGS_pipeline/data/raw/P3408_LUCA-TCRA3/POOL-1195-comblib/run1-1000M/20251102122707403-252278/original/GFB-61819_2510601042_1_clibKH1672xnegative/raw_data/GFB-61819_2510601042_1_clibKH1672xnegative_S9_L001_R1_001.fastq.gz,/cluster/project/reddy/katja/NGS_pipeline/data/P3408_LUCA-TCRA3/processed/GFB-61819_clibKH1672xnegative/GFB-61819_2510601042_1_clibKH1672xnegative_S9_L001_R1_001.trimmed.fastq.gz,3367451260,39.33,38343813,7668762600,24720750,4917326149,13623063,2751436451,18512064,2751436451,184.22547006607056
GFB-61819,clibKH1672xnegative,GFB-61819_clibKH1672xnegative,/cluster/project/reddy/marluca/NGS_pipeline/data/raw/P3408_LUCA-TCRA3/POOL-1195-comblib/run2-500M/20251105212820057-252773/original/GFB-61819_2510680936_1_clibKH1672xnegative/raw_data/GFB-61819_2510680936_1_clibKH1672xnegative_S9_L001_R1_001.fastq.gz,/cluster/project/reddy/katja/NGS_pipeline/data/P3408_LUCA-TCRA3/processed/GFB-61819_clibKH1672xnegative/GFB-61819_2510680936_1_clibKH1672xnegative_S9_L001_R1_001.trimmed.fastq.gz,2035800814,39.33,23156935,4631387000,15812166,3148407089,7344769,1482979911,10071901,1482979911,110.43534135818481
GFB-61819,clibKH1672xnegative,GFB-61819_clibKH1672xnegative,/cluster/project/reddy/marluca/NGS_pipeline/data/raw/P3408_LUCA-TCRA3/POOL-1195-comblib/run1-1000M/20251102122754732-252285/original/GFB-61819_2510601042_2_clibKH1672xnegative/raw_data/GFB-61819_2510601042_2_clibKH1672xnegative_S9_L002_R1_001.fastq.gz,/cluster/project/reddy/katja/NGS_pipeline/data/P3408_LUCA-TCRA3/processed/GFB-61819_clibKH1672xnegative/GFB-61819_2510601042_2_clibKH1672xnegative_S9_L002_R1_001.trimmed.fastq.gz,4348803577,39.33,52701982,10540396400,34342335,6840330986,18359647,3700065414,23905366,3700065414,256.7295911312103
GFB-61819,clibKH1672xnegative,GFB-61819_clibKH1672xnegative,/cluster/project/reddy/marluca/NGS_pipeline/data/raw/P3408_LUCA-TCRA3/POOL-1195-comblib/run2-500M/20251105213040390-252781/original/GFB-61819_2510680936_2_clibKH1672xnegative/raw_data/GFB-61819_2510680936_2_clibKH1672xnegative_S9_L002_R1_001.fastq.gz,/cluster/project/reddy/katja/NGS_pipeline/data/P3408_LUCA-TCRA3/processed/GFB-61819_clibKH1672xnegative/GFB-61819_2510680936_2_clibKH1672xnegative_S9_L002_R1_001.trimmed.fastq.gz,2312618526,39.33,28514661,5702932200,19341631,3854744652,9173030,1848187548,11926743,1848187548,125.95066094398499
GFB-61820,clibMAGE-A32xpositive,GFB-61820_clibMAGE-A32xpositive,/cluster/project/reddy/marluca/NGS_pipeline/data/raw/P3408_LUCA-TCRA3/POOL-1195-comblib/run1-1000M/20251102121903386-252209/original/GFB-61820_2510601042_1_clibMAGE-A32xpositive/raw_data/GFB-61820_2510601042_1_clibMAGE-A32xpositive_S10_L001_R1_001.fastq.gz,/cluster/project/reddy/katja/NGS_pipeline/data/P3408_LUCA-TCRA3/processed/GFB-61820_clibMAGE-A32xpositive/GFB-61820_2510601042_1_clibMAGE-A32xpositive_S10_L001_R1_001.trimmed.fastq.gz,105688234,39.33,1286019,257203800,777351,154601764,508668,102602036,666650,102602036,7.6502885818481445
GFB-61820,clibMAGE-A32xpositive,GFB-61820_clibMAGE-A32xpositive,/cluster/project/reddy/marluca/NGS_pipeline/data/raw/P3408_LUCA-TCRA3/POOL-1195-comblib/run2-500M/20251105212539932-252709/original/GFB-61820_2510680936_1_clibMAGE-A32xpositive/raw_data/GFB-61820_2510680936_1_clibMAGE-A32xpositive_S10_L001_R1_001.fastq.gz,/cluster/project/reddy/katja/NGS_pipeline/data/P3408_LUCA-TCRA3/processed/GFB-61820_clibMAGE-A32xpositive/GFB-61820_2510680936_1_clibMAGE-A32xpositive_S10_L001_R1_001.trimmed.fastq.gz,56009930,39.33,722251,144450200,434439,86479920,287812,57970280,366924,57970280,3.7989351749420166
GFB-61820,clibMAGE-A32xpositive,GFB-61820_clibMAGE-A32xpositive,/cluster/project/reddy/marluca/NGS_pipeline/data/raw/P3408_LUCA-TCRA3/POOL-1195-comblib/run1-1000M/20251102122117073-252256/original/GFB-61820_2510601042_2_clibMAGE-A32xpositive/raw_data/GFB-61820_2510601042_2_clibMAGE-A32xpositive_S10_L002_R1_001.fastq.gz,/cluster/project/reddy/katja/NGS_pipeline/data/P3408_LUCA-TCRA3/processed/GFB-61820_clibMAGE-A32xpositive/GFB-61820_2510601042_2_clibMAGE-A32xpositive_S10_L002_R1_001.trimmed.fastq.gz,131583436,39.33,1760756,352151200,1027679,204618497,733077,147532703,912272,147532703,7.858362913131714
GFB-61820,clibMAGE-A32xpositive,GFB-61820_clibMAGE-A32xpositive,/cluster/project/reddy/marluca/NGS_pipeline/data/raw/P3408_LUCA-TCRA3/POOL-1195-comblib/run2-500M/20251105212643888-252747/original/GFB-61820_2510680936_2_clibMAGE-A32xpositive/raw_data/GFB-61820_2510680936_2_clibMAGE-A32xpositive_S10_L002_R1_001.fastq.gz,/cluster/project/reddy/katja/NGS_pipeline/data/P3408_LUCA-TCRA3/processed/GFB-61820_clibMAGE-A32xpositive/GFB-61820_2510680936_2_clibMAGE-A32xpositive_S10_L002_R1_001.trimmed.fastq.gz,62279120,39.33,899004,179800800,511974,102000188,387030,77800612,466955,77800612,4.543655157089233
GFB-61821,clibTitin2xpositive,GFB-61821_clibTitin2xpositive,/cluster/project/reddy/marluca/NGS_pipeline/data/raw/P3408_LUCA-TCRA3/POOL-1195-comblib/run1-1000M/20251102122017301-252236/original/GFB-61821_2510601042_1_clibTitin2xpositive/raw_data/GFB-61821_2510601042_1_clibTitin2xpositive_S11_L001_R1_001.fastq.gz,/cluster/project/reddy/katja/NGS_pipeline/data/P3408_LUCA-TCRA3/processed/GFB-61821_clibTitin2xpositive/GFB-61821_2510601042_1_clibTitin2xpositive_S11_L001_R1_001.trimmed.fastq.gz,126555455,39.33,1602340,320468000,910019,180949925,692321,139518075,881918,139518075,8.196616649627686
GFB-61821,clibTitin2xpositive,GFB-61821_clibTitin2xpositive,/cluster/project/reddy/marluca/NGS_pipeline/data/raw/P3408_LUCA-TCRA3/POOL-1195-comblib/run2-500M/20251105212525918-252705/original/GFB-61821_2510680936_1_clibTitin2xpositive/raw_data/GFB-61821_2510680936_1_clibTitin2xpositive_S11_L001_R1_001.fastq.gz,/cluster/project/reddy/katja/NGS_pipeline/data/P3408_LUCA-TCRA3/processed/GFB-61821_clibTitin2xpositive/GFB-61821_2510680936_1_clibTitin2xpositive_S11_L001_R1_001.trimmed.fastq.gz,66577746,39.33,897778,179555600,503480,100206387,394298,79349213,488074,79349213,4.590066432952881
GFB-61821,clibTitin2xpositive,GFB-61821_clibTitin2xpositive,/cluster/project/reddy/marluca/NGS_pipeline/data/raw/P3408_LUCA-TCRA3/POOL-1195-comblib/run1-1000M/20251102121916622-252219/original/GFB-61821_2510601042_2_clibTitin2xpositive/raw_data/GFB-61821_2510601042_2_clibTitin2xpositive_S11_L002_R1_001.fastq.gz,/cluster/project/reddy/katja/NGS_pipeline/data/P3408_LUCA-TCRA3/processed/GFB-61821_clibTitin2xpositive/GFB-61821_2510601042_2_clibTitin2xpositive_S11_L002_R1_001.trimmed.fastq.gz,164520933,39.33,2210579,442115800,1262777,251407560,947802,190708240,1170077,190708240,10.952063798904419
GFB-61821,clibTitin2xpositive,GFB-61821_clibTitin2xpositive,/cluster/project/reddy/marluca/NGS_pipeline/data/raw/P3408_LUCA-TCRA3/POOL-1195-comblib/run2-500M/20251105212542208-252710/original/GFB-61821_2510680936_2_clibTitin2xpositive/raw_data/GFB-61821_2510680936_2_clibTitin2xpositive_S11_L002_R1_001.fastq.gz,/cluster/project/reddy/katja/NGS_pipeline/data/P3408_LUCA-TCRA3/processed/GFB-61821_clibTitin2xpositive/GFB-61821_2510680936_2_clibTitin2xpositive_S11_L002_R1_001.trimmed.fastq.gz,77739032,39.33,1131521,226304200,625060,124517156,506461,101787044,605876,101787044,5.977760553359985
GFB-61822,clibMAGE-A33xpositive,GFB-61822_clibMAGE-A33xpositive,/cluster/project/reddy/marluca/NGS_pipeline/data/raw/P3408_LUCA-TCRA3/POOL-1195-comblib/run1-1000M/20251102122048569-252246/original/GFB-61822_2510601042_1_clibMAGE-A33xpositive/raw_data/GFB-61822_2510601042_1_clibMAGE-A33xpositive_S12_L001_R1_001.fastq.gz,/cluster/project/reddy/katja/NGS_pipeline/data/P3408_LUCA-TCRA3/processed/GFB-61822_clibMAGE-A33xpositive/GFB-61822_2510601042_1_clibMAGE-A33xpositive_S12_L001_R1_001.trimmed.fastq.gz,43431054,39.33,503914,100782800,321180,63908573,182734,36874227,242535,36874227,3.4931893348693848
GFB-61822,clibMAGE-A33xpositive,GFB-61822_clibMAGE-A33xpositive,/cluster/project/reddy/marluca/NGS_pipeline/data/raw/P3408_LUCA-TCRA3/POOL-1195-comblib/run2-500M/20251105212636485-252742/original/GFB-61822_2510680936_1_clibMAGE-A33xpositive/raw_data/GFB-61822_2510680936_1_clibMAGE-A33xpositive_S12_L001_R1_001.fastq.gz,/cluster/project/reddy/katja/NGS_pipeline/data/P3408_LUCA-TCRA3/processed/GFB-61822_clibMAGE-A33xpositive/GFB-61822_2510680936_1_clibMAGE-A33xpositive_S12_L001_R1_001.trimmed.fastq.gz,21172950,39.33,270252,54050400,163733,32605914,106519,21444486,134014,21444486,2.27095365524292
GFB-61822,clibMAGE-A33xpositive,GFB-61822_clibMAGE-A33xpositive,/cluster/project/reddy/marluca/NGS_pipeline/data/raw/P3408_LUCA-TCRA3/POOL-1195-comblib/run1-1000M/20251102121902038-252208/original/GFB-61822_2510601042_2_clibMAGE-A33xpositive/raw_data/GFB-61822_2510601042_2_clibMAGE-A33xpositive_S12_L002_R1_001.fastq.gz,/cluster/project/reddy/katja/NGS_pipeline/data/P3408_LUCA-TCRA3/processed/GFB-61822_clibMAGE-A33xpositive/GFB-61822_2510601042_2_clibMAGE-A33xpositive_S12_L002_R1_001.trimmed.fastq.gz,51606324,39.33,727919,145583800,401222,79915160,326697,65668640,391630,65668640,4.52021050453186
GFB-61822,clibMAGE-A33xpositive,GFB-61822_clibMAGE-A33xpositive,/cluster/project/reddy/marluca/NGS_pipeline/data/raw/P3408_LUCA-TCRA3/POOL-1195-comblib/run2-500M/20251105212553027-252717/original/GFB-61822_2510680936_2_clibMAGE-A33xpositive/raw_data/GFB-61822_2510680936_2_clibMAGE-A33xpositive_S12_L002_R1_001.fastq.gz,/cluster/project/reddy/katja/NGS_pipeline/data/P3408_LUCA-TCRA3/processed/GFB-61822_clibMAGE-A33xpositive/GFB-61822_2510680936_2_clibMAGE-A33xpositive_S12_L002_R1_001.trimmed.fastq.gz,23179943,39.33,361145,72229000,186940,37245470,174205,34983530,203100,34983530,2.369473934173584
GFB-61823,clibTitin3xpositive,GFB-61823_clibTitin3xpositive,/cluster/project/reddy/marluca/NGS_pipeline/data/raw/P3408_LUCA-TCRA3/POOL-1195-comblib/run1-1000M/20251102121917995-252220/original/GFB-61823_2510601042_1_clibTitin3xpositive/raw_data/GFB-61823_2510601042_1_clibTitin3xpositive_S13_L001_R1_001.fastq.gz,/cluster/project/reddy/katja/NGS_pipeline/data/P3408_LUCA-TCRA3/processed/GFB-61823_clibTitin3xpositive/GFB-61823_2510601042_1_clibTitin3xpositive_S13_L001_R1_001.trimmed.fastq.gz,156306933,39.33,1956618,391323600,1159230,230477410,797388,160846190,1042165,160846190,9.91024398803711
GFB-61823,clibTitin3xpositive,GFB-61823_clibTitin3xpositive,/cluster/project/reddy/marluca/NGS_pipeline/data/raw/P3408_LUCA-TCRA3/POOL-1195-comblib/run2-500M/20251105212617466-252732/original/GFB-61823_2510680936_1_clibTitin3xpositive/raw_data/GFB-61823_2510680936_1_clibTitin3xpositive_S13_L001_R1_001.fastq.gz,/cluster/project/reddy/katja/NGS_pipeline/data/P3408_LUCA-TCRA3/processed/GFB-61823_clibTitin3xpositive/GFB-61823_2510680936_1_clibTitin3xpositive_S13_L001_R1_001.trimmed.fastq.gz,79344914,39.33,1070201,214040200,619848,123360257,450353,90679943,566602,90679943,5.623673915863037
GFB-61823,clibTitin3xpositive,GFB-61823_clibTitin3xpositive,/cluster/project/reddy/marluca/NGS_pipeline/data/raw/P3408_LUCA-TCRA3/POOL-1195-comblib/run1-1000M/20251102122033435-252243/original/GFB-61823_2510601042_2_clibTitin3xpositive/raw_data/GFB-61823_2510601042_2_clibTitin3xpositive_S13_L002_R1_001.fastq.gz,/cluster/project/reddy/katja/NGS_pipeline/data/P3408_LUCA-TCRA3/processed/GFB-61823_clibTitin3xpositive/GFB-61823_2510601042_2_clibTitin3xpositive_S13_L002_R1_001.trimmed.fastq.gz,206325941,39.33,2797908,559581600,1632544,324982195,1165364,234599405,1458545,234599405,12.740253925323486
GFB-61823,clibTitin3xpositive,GFB-61823_clibTitin3xpositive,/cluster/project/reddy/marluca/NGS_pipeline/data/raw/P3408_LUCA-TCRA3/POOL-1195-comblib/run2-500M/20251105212530019-252706/original/GFB-61823_2510680936_2_clibTitin3xpositive/raw_data/GFB-61823_2510680936_2_clibTitin3xpositive_S13_L002_R1_001.fastq.gz,/cluster/project/reddy/katja/NGS_pipeline/data/P3408_LUCA-TCRA3/processed/GFB-61823_clibTitin3xpositive/GFB-61823_2510680936_2_clibTitin3xpositive_S13_L002_R1_001.trimmed.fastq.gz,92378587,39.33,1386625,277325000,765148,152406121,621477,124918879,745615,124918879,7.770181655883789
GFB-61824,clibKH1583xpositive,GFB-61824_clibKH1583xpositive,/cluster/project/reddy/marluca/NGS_pipeline/data/raw/P3408_LUCA-TCRA3/POOL-1195-comblib/run1-1000M/20251102121921537-252223/original/GFB-61824_2510601042_1_clibKH1583xpositive/raw_data/GFB-61824_2510601042_1_clibKH1583xpositive_S14_L001_R1_001.fastq.gz,/cluster/project/reddy/katja/NGS_pipeline/data/P3408_LUCA-TCRA3/processed/GFB-61824_clibKH1583xpositive/GFB-61824_2510601042_1_clibKH1583xpositive_S14_L001_R1_001.trimmed.fastq.gz,179732663,39.33,2134993,426998600,1318612,262106004,816381,164892596,1105813,164892596,10.587878704071045
GFB-61824,clibKH1583xpositive,GFB-61824_clibKH1583xpositive,/cluster/project/reddy/marluca/NGS_pipeline/data/raw/P3408_LUCA-TCRA3/POOL-1195-comblib/run2-500M/20251105212620644-252734/original/GFB-61824_2510680936_1_clibKH1583xpositive/raw_data/GFB-61824_2510680936_1_clibKH1583xpositive_S14_L001_R1_001.fastq.gz,/cluster/project/reddy/katja/NGS_pipeline/data/P3408_LUCA-TCRA3/processed/GFB-61824_clibKH1583xpositive/GFB-61824_2510680936_1_clibKH1583xpositive_S14_L001_R1_001.trimmed.fastq.gz,104683901,39.33,1252383,250476600,811089,161395825,441294,89080775,598610,89080775,7.592576742172241
GFB-61824,clibKH1583xpositive,GFB-61824_clibKH1583xpositive,/cluster/project/reddy/marluca/NGS_pipeline/data/raw/P3408_LUCA-TCRA3/POOL-1195-comblib/run1-1000M/20251102121922847-252224/original/GFB-61824_2510601042_2_clibKH1583xpositive/raw_data/GFB-61824_2510601042_2_clibKH1583xpositive_S14_L002_R1_001.fastq.gz,/cluster/project/reddy/katja/NGS_pipeline/data/P3408_LUCA-TCRA3/processed/GFB-61824_clibKH1583xpositive/GFB-61824_2510601042_2_clibKH1583xpositive_S14_L002_R1_001.trimmed.fastq.gz,241273192,39.33,3031788,606357600,1895365,377253230,1136423,229104370,1487126,229104370,19.04082179069519
GFB-61824,clibKH1583xpositive,GFB-61824_clibKH1583xpositive,/cluster/project/reddy/marluca/NGS_pipeline/data/raw/P3408_LUCA-TCRA3/POOL-1195-comblib/run2-500M/20251105212549630-252715/original/GFB-61824_2510680936_2_clibKH1583xpositive/raw_data/GFB-61824_2510680936_2_clibKH1583xpositive_S14_L002_R1_001.fastq.gz,/cluster/project/reddy/katja/NGS_pipeline/data/P3408_LUCA-TCRA3/processed/GFB-61824_clibKH1583xpositive/GFB-61824_2510680936_2_clibKH1583xpositive_S14_L002_R1_001.trimmed.fastq.gz,122744536,39.33,1592060,318412000,1017701,202704206,574359,115707794,741164,115707794,8.922723531723022
GFB-61825,clibKH1593xpositive,GFB-61825_clibKH1593xpositive,/cluster/project/reddy/marluca/NGS_pipeline/data/raw/P3408_LUCA-TCRA3/POOL-1195-comblib/run1-1000M/20251102121912936-252216/original/GFB-61825_2510601042_1_clibKH1593xpositive/raw_data/GFB-61825_2510601042_1_clibKH1593xpositive_S15_L001_R1_001.fastq.gz,/cluster/project/reddy/katja/NGS_pipeline/data/P3408_LUCA-TCRA3/processed/GFB-61825_clibKH1593xpositive/GFB-61825_2510601042_1_clibKH1593xpositive_S15_L001_R1_001.trimmed.fastq.gz,141254664,39.33,1673144,334628800,1077380,214263786,595764,120365014,811927,120365014,8.64360237121582
GFB-61825,clibKH1593xpositive,GFB-61825_clibKH1593xpositive,/cluster/project/reddy/marluca/NGS_pipeline/data/raw/P3408_LUCA-TCRA3/POOL-1195-comblib/run2-500M/20251105212536283-252708/original/GFB-61825_2510680936_1_clibKH1593xpositive/raw_data/GFB-61825_2510680936_1_clibKH1593xpositive_S15_L001_R1_001.fastq.gz,/cluster/project/reddy/katja/NGS_pipeline/data/P3408_LUCA-TCRA3/processed/GFB-61825_clibKH1593xpositive/GFB-61825_2510680936_1_clibKH1593xpositive_S15_L001_R1_001.trimmed.fastq.gz,72122496,39.33,941885,188377000,577435,114945818,364450,73431182,467504,73431182,5.270343065261841
GFB-61825,clibKH1593xpositive,GFB-61825_clibKH1593xpositive,/cluster/project/reddy/marluca/NGS_pipeline/data/raw/P3408_LUCA-TCRA3/POOL-1195-comblib/run1-1000M/20251102122117955-252257/original/GFB-61825_2510601042_2_clibKH1593xpositive/raw_data/GFB-61825_2510601042_2_clibKH1593xpositive_S15_L002_R1_001.fastq.gz,/cluster/project/reddy/katja/NGS_pipeline/data/P3408_LUCA-TCRA3/processed/GFB-61825_clibKH1593xpositive/GFB-61825_2510601042_2_clibKH1593xpositive_S15_L002_R1_001.trimmed.fastq.gz,169747480,39.33,2260739,452147800,1366703,272096685,894036,180051115,1132713,180051115,11.007325887680054
GFB-61825,clibKH1593xpositive,GFB-61825_clibKH1593xpositive,/cluster/project/reddy/marluca/NGS_pipeline/data/raw/P3408_LUCA-TCRA3/POOL-1195-comblib/run2-500M/20251105212644798-252748/original/GFB-61825_2510680936_2_clibKH1593xpositive/raw_data/GFB-61825_2510680936_2_clibKH1593xpositive_S15_L002_R1_001.fastq.gz,/cluster/project/reddy/katja/NGS_pipeline/data/P3408_LUCA-TCRA3/processed/GFB-61825_clibKH1593xpositive/GFB-61825_2510680936_2_clibKH1593xpositive_S15_L002_R1_001.trimmed.fastq.gz,75881616,39.33,1125698,225139600,639205,127332427,486493,97807173,587980,97807173,6.149640321731567
GFB-61826,clibKH1603xpositive,GFB-61826_clibKH1603xpositive,/cluster/project/reddy/marluca/NGS_pipeline/data/raw/P3408_LUCA-TCRA3/POOL-1195-comblib/run1-1000M/20251102122125153-252258/original/GFB-61826_2510601042_1_clibKH1603xpositive/raw_data/GFB-61826_2510601042_1_clibKH1603xpositive_S16_L001_R1_001.fastq.gz,/cluster/project/reddy/katja/NGS_pipeline/data/P3408_LUCA-TCRA3/processed/GFB-61826_clibKH1603xpositive/GFB-61826_2510601042_1_clibKH1603xpositive_S16_L001_R1_001.trimmed.fastq.gz,297610320,39.33,3443990,688798000,2235698,444611276,1208292,244186724,1666461,244186724,17.369453191757202
GFB-61826,clibKH1603xpositive,GFB-61826_clibKH1603xpositive,/cluster/project/reddy/marluca/NGS_pipeline/data/raw/P3408_LUCA-TCRA3/POOL-1195-comblib/run2-500M/20251105212547139-252713/original/GFB-61826_2510680936_1_clibKH1603xpositive/raw_data/GFB-61826_2510680936_1_clibKH1603xpositive_S16_L001_R1_001.fastq.gz,/cluster/project/reddy/katja/NGS_pipeline/data/P3408_LUCA-TCRA3/processed/GFB-61826_clibKH1603xpositive/GFB-61826_2510680936_1_clibKH1603xpositive_S16_L001_R1_001.trimmed.fastq.gz,156074946,39.33,1892183,378436600,1239059,246642837,653124,131793763,878655,131793763,10.061615705490112
GFB-61826,clibKH1603xpositive,GFB-61826_clibKH1603xpositive,/cluster/project/reddy/marluca/NGS_pipeline/data/raw/P3408_LUCA-TCRA3/POOL-1195-comblib/run1-1000M/20251102122023202-252238/original/GFB-61826_2510601042_2_clibKH1603xpositive/raw_data/GFB-61826_2510601042_2_clibKH1603xpositive_S16_L002_R1_001.fastq.gz,/cluster/project/reddy/katja/NGS_pipeline/data/P3408_LUCA-TCRA3/processed/GFB-61826_clibKH1603xpositive/GFB-61826_2510601042_2_clibKH1603xpositive_S16_L002_R1_001.trimmed.fastq.gz,394304914,39.33,4926859,985371800,3156756,628526001,1770103,356845799,2321276,356845799,24.53466486930847
GFB-61826,clibKH1603xpositive,GFB-61826_clibKH1603xpositive,/cluster/project/reddy/marluca/NGS_pipeline/data/raw/P3408_LUCA-TCRA3/POOL-1195-comblib/run2-500M/20251105212659022-252759/original/GFB-61826_2510680936_2_clibKH1603xpositive/raw_data/GFB-61826_2510680936_2_clibKH1603xpositive_S16_L002_R1_001.fastq.gz,/cluster/project/reddy/katja/NGS_pipeline/data/P3408_LUCA-TCRA3/processed/GFB-61826_clibKH1603xpositive/GFB-61826_2510680936_2_clibKH1603xpositive_S16_L002_R1_001.trimmed.fastq.gz,185871303,39.33,2490730,498146000,1566359,312047634,924371,186098366,1170881,186098366,12.339376211166382
GFB-61827,clibKH1633xpositive,GFB-61827_clibKH1633xpositive,/cluster/project/reddy/marluca/NGS_pipeline/data/raw/P3408_LUCA-TCRA3/POOL-1195-comblib/run1-1000M/20251102121907194-252212/original/GFB-61827_2510601042_1_clibKH1633xpositive/raw_data/GFB-61827_2510601042_1_clibKH1633xpositive_S17_L001_R1_001.fastq.gz,/cluster/project/reddy/katja/NGS_pipeline/data/P3408_LUCA-TCRA3/processed/GFB-61827_clibKH1633xpositive/GFB-61827_2510601042_1_clibKH1633xpositive_S17_L001_R1_001.trimmed.fastq.gz,165300302,39.33,1975984,395196800,1191565,236862968,784419,158333832,1043138,158333832,9.776827096939087
GFB-61827,clibKH1633xpositive,GFB-61827_clibKH1633xpositive,/cluster/project/reddy/marluca/NGS_pipeline/data/raw/P3408_LUCA-TCRA3/POOL-1195-comblib/run2-500M/20251105212545748-252712/original/GFB-61827_2510680936_1_clibKH1633xpositive/raw_data/GFB-61827_2510680936_1_clibKH1633xpositive_S17_L001_R1_001.fastq.gz,/cluster/project/reddy/katja/NGS_pipeline/data/P3408_LUCA-TCRA3/processed/GFB-61827_clibKH1633xpositive/GFB-61827_2510680936_1_clibKH1633xpositive_S17_L001_R1_001.trimmed.fastq.gz,92482831,39.33,1142168,228433600,700501,139387857,441667,89045743,577253,89045743,6.704352855682373
GFB-61827,clibKH1633xpositive,GFB-61827_clibKH1633xpositive,/cluster/project/reddy/marluca/NGS_pipeline/data/raw/P3408_LUCA-TCRA3/POOL-1195-comblib/run1-1000M/20251102121924277-252225/original/GFB-61827_2510601042_2_clibKH1633xpositive/raw_data/GFB-61827_2510601042_2_clibKH1633xpositive_S17_L002_R1_001.fastq.gz,/cluster/project/reddy/katja/NGS_pipeline/data/P3408_LUCA-TCRA3/processed/GFB-61827_clibKH1633xpositive/GFB-61827_2510601042_2_clibKH1633xpositive_S17_L002_R1_001.trimmed.fastq.gz,223322532,39.33,2876742,575348400,1714220,341192451,1162522,234155949,1480511,234155949,13.665693283081055
GFB-61827,clibKH1633xpositive,GFB-61827_clibKH1633xpositive,/cluster/project/reddy/marluca/NGS_pipeline/data/raw/P3408_LUCA-TCRA3/POOL-1195-comblib/run2-500M/20251105212615701-252731/original/GFB-61827_2510680936_2_clibKH1633xpositive/raw_data/GFB-61827_2510680936_2_clibKH1633xpositive_S17_L002_R1_001.fastq.gz,/cluster/project/reddy/katja/NGS_pipeline/data/P3408_LUCA-TCRA3/processed/GFB-61827_clibKH1633xpositive/GFB-61827_2510680936_2_clibKH1633xpositive_S17_L002_R1_001.trimmed.fastq.gz,109483282,39.33,1490997,298199400,880170,175295814,610827,122903586,757579,122903586,7.625117540359497
GFB-61828,clibKH1643xpositive,GFB-61828_clibKH1643xpositive,/cluster/project/reddy/marluca/NGS_pipeline/data/raw/P3408_LUCA-TCRA3/POOL-1195-comblib/run1-1000M/20251102121956596-252231/original/GFB-61828_2510601042_1_clibKH1643xpositive/raw_data/GFB-61828_2510601042_1_clibKH1643xpositive_S18_L001_R1_001.fastq.gz,/cluster/project/reddy/katja/NGS_pipeline/data/P3408_LUCA-TCRA3/processed/GFB-61828_clibKH1643xpositive/GFB-61828_2510601042_1_clibKH1643xpositive_S18_L001_R1_001.trimmed.fastq.gz,100981551,39.33,1245384,249076800,757424,150699153,487960,98377647,632187,98377647,6.6224822998046875
GFB-61828,clibKH1643xpositive,GFB-61828_clibKH1643xpositive,/cluster/project/reddy/marluca/NGS_pipeline/data/raw/P3408_LUCA-TCRA3/POOL-1195-comblib/run2-500M/20251105212606812-252726/original/GFB-61828_2510680936_1_clibKH1643xpositive/raw_data/GFB-61828_2510680936_1_clibKH1643xpositive_S18_L001_R1_001.fastq.gz,/cluster/project/reddy/katja/NGS_pipeline/data/P3408_LUCA-TCRA3/processed/GFB-61828_clibKH1643xpositive/GFB-61828_2510680936_1_clibKH1643xpositive_S18_L001_R1_001.trimmed.fastq.gz,51712580,39.33,712989,142597800,406207,80885089,306782,61712711,376698,61712711,3.936112642288208
GFB-61828,clibKH1643xpositive,GFB-61828_clibKH1643xpositive,/cluster/project/reddy/marluca/NGS_pipeline/data/raw/P3408_LUCA-TCRA3/POOL-1195-comblib/run1-1000M/20251102122005360-252233/original/GFB-61828_2510601042_2_clibKH1643xpositive/raw_data/GFB-61828_2510601042_2_clibKH1643xpositive_S18_L002_R1_001.fastq.gz,/cluster/project/reddy/katja/NGS_pipeline/data/P3408_LUCA-TCRA3/processed/GFB-61828_clibKH1643xpositive/GFB-61828_2510601042_2_clibKH1643xpositive_S18_L002_R1_001.trimmed.fastq.gz,137737706,39.33,1974897,394979400,1094121,217921541,880776,177057859,1060457,177057859,9.505118608474731
GFB-61828,clibKH1643xpositive,GFB-61828_clibKH1643xpositive,/cluster/project/reddy/marluca/NGS_pipeline/data/raw/P3408_LUCA-TCRA3/POOL-1195-comblib/run2-500M/20251105212619324-252733/original/GFB-61828_2510680936_2_clibKH1643xpositive/raw_data/GFB-61828_2510680936_2_clibKH1643xpositive_S18_L002_R1_001.fastq.gz,/cluster/project/reddy/katja/NGS_pipeline/data/P3408_LUCA-TCRA3/processed/GFB-61828_clibKH1643xpositive/GFB-61828_2510680936_2_clibKH1643xpositive_S18_L002_R1_001.trimmed.fastq.gz,61393738,39.33,994952,198990400,507748,101170908,487204,97819492,565089,97819492,5.941998720169067
GFB-61829,clibKH1653xpositive,GFB-61829_clibKH1653xpositive,/cluster/project/reddy/marluca/NGS_pipeline/data/raw/P3408_LUCA-TCRA3/POOL-1195-comblib/run1-1000M/20251102122032461-252242/original/GFB-61829_2510601042_1_clibKH1653xpositive/raw_data/GFB-61829_2510601042_1_clibKH1653xpositive_S19_L001_R1_001.fastq.gz,/cluster/project/reddy/katja/NGS_pipeline/data/P3408_LUCA-TCRA3/processed/GFB-61829_clibKH1653xpositive/GFB-61829_2510601042_1_clibKH1653xpositive_S19_L001_R1_001.trimmed.fastq.gz,128161989,39.33,1520993,304198600,920801,183052151,600192,121146449,800445,121146449,8.336554765701294
GFB-61829,clibKH1653xpositive,GFB-61829_clibKH1653xpositive,/cluster/project/reddy/marluca/NGS_pipeline/data/raw/P3408_LUCA-TCRA3/POOL-1195-comblib/run2-500M/20251105212649956-252752/original/GFB-61829_2510680936_1_clibKH1653xpositive/raw_data/GFB-61829_2510680936_1_clibKH1653xpositive_S19_L001_R1_001.fastq.gz,/cluster/project/reddy/katja/NGS_pipeline/data/P3408_LUCA-TCRA3/processed/GFB-61829_clibKH1653xpositive/GFB-61829_2510680936_1_clibKH1653xpositive_S19_L001_R1_001.trimmed.fastq.gz,79049164,39.33,931120,186224000,598144,119022230,332976,67201770,449813,67201770,6.018780946731567
GFB-61829,clibKH1653xpositive,GFB-61829_clibKH1653xpositive,/cluster/project/reddy/marluca/NGS_pipeline/data/raw/P3408_LUCA-TCRA3/POOL-1195-comblib/run1-1000M/20251102122020674-252237/original/GFB-61829_2510601042_2_clibKH1653xpositive/raw_data/GFB-61829_2510601042_2_clibKH1653xpositive_S19_L002_R1_001.fastq.gz,/cluster/project/reddy/katja/NGS_pipeline/data/P3408_LUCA-TCRA3/processed/GFB-61829_clibKH1653xpositive/GFB-61829_2510601042_2_clibKH1653xpositive_S19_L002_R1_001.trimmed.fastq.gz,171815801,39.33,2129566,425913200,1321124,262972787,808442,162940413,1051480,162940413,11.691650629043579
GFB-61829,clibKH1653xpositive,GFB-61829_clibKH1653xpositive,/cluster/project/reddy/marluca/NGS_pipeline/data/raw/P3408_LUCA-TCRA3/POOL-1195-comblib/run2-500M/20251105212646726-252750/original/GFB-61829_2510680936_2_clibKH1653xpositive/raw_data/GFB-61829_2510680936_2_clibKH1653xpositive_S19_L002_R1_001.fastq.gz,/cluster/project/reddy/katja/NGS_pipeline/data/P3408_LUCA-TCRA3/processed/GFB-61829_clibKH1653xpositive/GFB-61829_2510680936_2_clibKH1653xpositive_S19_L002_R1_001.trimmed.fastq.gz,90180819,39.33,1141457,228291400,730983,145601568,410474,82689832,530261,82689832,5.93106484413147
GFB-61830,clibKH1673xpositive,GFB-61830_clibKH1673xpositive,/cluster/project/reddy/marluca/NGS_pipeline/data/raw/P3408_LUCA-TCRA3/POOL-1195-comblib/run1-1000M/20251102121908642-252213/original/GFB-61830_2510601042_1_clibKH1673xpositive/raw_data/GFB-61830_2510601042_1_clibKH1673xpositive_S20_L001_R1_001.fastq.gz,/cluster/project/reddy/katja/NGS_pipeline/data/P3408_LUCA-TCRA3/processed/GFB-61830_clibKH1673xpositive/GFB-61830_2510601042_1_clibKH1673xpositive_S20_L001_R1_001.trimmed.fastq.gz,153129221,39.33,2070811,414162200,1103182,219123774,967629,195038426,1236022,195038426,11.366412878036499
GFB-61830,clibKH1673xpositive,GFB-61830_clibKH1673xpositive,/cluster/project/reddy/marluca/NGS_pipeline/data/raw/P3408_LUCA-TCRA3/POOL-1195-comblib/run2-500M/20251105212652879-252754/original/GFB-61830_2510680936_1_clibKH1673xpositive/raw_data/GFB-61830_2510680936_1_clibKH1673xpositive_S20_L001_R1_001.fastq.gz,/cluster/project/reddy/katja/NGS_pipeline/data/P3408_LUCA-TCRA3/processed/GFB-61830_clibKH1673xpositive/GFB-61830_2510680936_1_clibKH1673xpositive_S20_L001_R1_001.trimmed.fastq.gz,95574373,39.33,1236468,247293600,732238,145622979,504230,101670621,659716,101670621,6.90098237991333
GFB-61830,clibKH1673xpositive,GFB-61830_clibKH1673xpositive,/cluster/project/reddy/marluca/NGS_pipeline/data/raw/P3408_LUCA-TCRA3/POOL-1195-comblib/run1-1000M/20251102122110603-252250/original/GFB-61830_2510601042_2_clibKH1673xpositive/raw_data/GFB-61830_2510601042_2_clibKH1673xpositive_S20_L002_R1_001.fastq.gz,/cluster/project/reddy/katja/NGS_pipeline/data/P3408_LUCA-TCRA3/processed/GFB-61830_clibKH1673xpositive/GFB-61830_2510601042_2_clibKH1673xpositive_S20_L002_R1_001.trimmed.fastq.gz,182832843,39.33,2483483,496696600,1409281,280316948,1074202,216379652,1365578,216379652,11.04816746711731
GFB-61830,clibKH1673xpositive,GFB-61830_clibKH1673xpositive,/cluster/project/reddy/marluca/NGS_pipeline/data/raw/P3408_LUCA-TCRA3/POOL-1195-comblib/run2-500M/20251105212554442-252718/original/GFB-61830_2510680936_2_clibKH1673xpositive/raw_data/GFB-61830_2510680936_2_clibKH1673xpositive_S20_L002_R1_001.fastq.gz,/cluster/project/reddy/katja/NGS_pipeline/data/P3408_LUCA-TCRA3/processed/GFB-61830_clibKH1673xpositive/GFB-61830_2510680936_2_clibKH1673xpositive_S20_L002_R1_001.trimmed.fastq.gz,102375502,39.33,1381799,276359800,836648,166570016,545151,109789784,694550,109789784,6.53814959526062
GFB-61831,clibMAGE-A331xpositive,GFB-61831_clibMAGE-A331xpositive,/cluster/project/reddy/marluca/NGS_pipeline/data/raw/P3408_LUCA-TCRA3/POOL-1195-comblib/run1-1000M/20251102122540860-252259/original/GFB-61831_2510601042_1_clibMAGE-A331xpositive/raw_data/GFB-61831_2510601042_1_clibMAGE-A331xpositive_S21_L001_R1_001.fastq.gz,/cluster/project/reddy/katja/NGS_pipeline/data/P3408_LUCA-TCRA3/processed/GFB-61831_clibMAGE-A331xpositive/GFB-61831_2510601042_1_clibMAGE-A331xpositive_S21_L001_R1_001.trimmed.fastq.gz,551188770,39.33,6461634,1292326800,4075943,810207346,2385691,482119454,3277161,482119454,32.6841197013855
GFB-61831,clibMAGE-A331xpositive,GFB-61831_clibMAGE-A331xpositive,/cluster/project/reddy/marluca/NGS_pipeline/data/raw/P3408_LUCA-TCRA3/POOL-1195-comblib/run2-500M/20251105212602701-252724/original/GFB-61831_2510680936_1_clibMAGE-A331xpositive/raw_data/GFB-61831_2510680936_1_clibMAGE-A331xpositive_S21_L001_R1_001.fastq.gz,/cluster/project/reddy/katja/NGS_pipeline/data/P3408_LUCA-TCRA3/processed/GFB-61831_clibMAGE-A331xpositive/GFB-61831_2510680936_1_clibMAGE-A331xpositive_S21_L001_R1_001.trimmed.fastq.gz,309280125,39.33,3677543,735508600,2405186,478579108,1272357,256929492,1741661,256929492,18.546303272247314
GFB-61831,clibMAGE-A331xpositive,GFB-61831_clibMAGE-A331xpositive,/cluster/project/reddy/marluca/NGS_pipeline/data/raw/P3408_LUCA-TCRA3/POOL-1195-comblib/run1-1000M/20251102122025394-252240/original/GFB-61831_2510601042_2_clibMAGE-A331xpositive/raw_data/GFB-61831_2510601042_2_clibMAGE-A331xpositive_S21_L002_R1_001.fastq.gz,/cluster/project/reddy/katja/NGS_pipeline/data/P3408_LUCA-TCRA3/processed/GFB-61831_clibMAGE-A331xpositive/GFB-61831_2510601042_2_clibMAGE-A331xpositive_S21_L002_R1_001.trimmed.fastq.gz,726671009,39.33,8655116,1731023200,5725841,1139660443,2929275,591362757,3994260,591362757,45.71272873878479
GFB-61831,clibMAGE-A331xpositive,GFB-61831_clibMAGE-A331xpositive,/cluster/project/reddy/marluca/NGS_pipeline/data/raw/P3408_LUCA-TCRA3/POOL-1195-comblib/run2-500M/20251105212604051-252725/original/GFB-61831_2510680936_2_clibMAGE-A331xpositive/raw_data/GFB-61831_2510680936_2_clibMAGE-A331xpositive_S21_L002_R1_001.fastq.gz,/cluster/project/reddy/katja/NGS_pipeline/data/P3408_LUCA-TCRA3/processed/GFB-61831_clibMAGE-A331xpositive/GFB-61831_2510680936_2_clibMAGE-A331xpositive_S21_L002_R1_001.trimmed.fastq.gz,363208480,39.33,4510803,902160600,3002298,597957464,1508505,304203136,2007650,304203136,21.35360813140869
GFB-61832,clibTitin31xpositive,GFB-61832_clibTitin31xpositive,/cluster/project/reddy/marluca/NGS_pipeline/data/raw/P3408_LUCA-TCRA3/POOL-1195-comblib/run1-1000M/20251102121911191-252215/original/GFB-61832_2510601042_1_clibTitin31xpositive/raw_data/GFB-61832_2510601042_1_clibTitin31xpositive_S22_L001_R1_001.fastq.gz,/cluster/project/reddy/katja/NGS_pipeline/data/P3408_LUCA-TCRA3/processed/GFB-61832_clibTitin31xpositive/GFB-61832_2510601042_1_clibTitin31xpositive_S22_L001_R1_001.trimmed.fastq.gz,43825374,39.33,559176,111835200,306034,60817661,253142,51017539,322764,51017539,4.171051263809204
GFB-61832,clibTitin31xpositive,GFB-61832_clibTitin31xpositive,/cluster/project/reddy/marluca/NGS_pipeline/data/raw/P3408_LUCA-TCRA3/POOL-1195-comblib/run2-500M/20251105212652040-252753/original/GFB-61832_2510680936_1_clibTitin31xpositive/raw_data/GFB-61832_2510680936_1_clibTitin31xpositive_S22_L001_R1_001.fastq.gz,/cluster/project/reddy/katja/NGS_pipeline/data/P3408_LUCA-TCRA3/processed/GFB-61832_clibTitin31xpositive/GFB-61832_2510680936_1_clibTitin31xpositive_S22_L001_R1_001.trimmed.fastq.gz,27667427,39.33,348313,69662600,203537,40491268,144776,29171332,185843,29171332,2.811702251434326
GFB-61832,clibTitin31xpositive,GFB-61832_clibTitin31xpositive,/cluster/project/reddy/marluca/NGS_pipeline/data/raw/P3408_LUCA-TCRA3/POOL-1195-comblib/run1-1000M/20251102121945273-252229/original/GFB-61832_2510601042_2_clibTitin31xpositive/raw_data/GFB-61832_2510601042_2_clibTitin31xpositive_S22_L002_R1_001.fastq.gz,/cluster/project/reddy/katja/NGS_pipeline/data/P3408_LUCA-TCRA3/processed/GFB-61832_clibTitin31xpositive/GFB-61832_2510601042_2_clibTitin31xpositive_S22_L002_R1_001.trimmed.fastq.gz,58957983,39.33,789036,157807200,441194,87805329,347842,70001871,430730,70001871,5.015747308731079
GFB-61832,clibTitin31xpositive,GFB-61832_clibTitin31xpositive,/cluster/project/reddy/marluca/NGS_pipeline/data/raw/P3408_LUCA-TCRA3/POOL-1195-comblib/run2-500M/20251105212543931-252711/original/GFB-61832_2510680936_2_clibTitin31xpositive/raw_data/GFB-61832_2510680936_2_clibTitin31xpositive_S22_L002_R1_001.fastq.gz,/cluster/project/reddy/katja/NGS_pipeline/data/P3408_LUCA-TCRA3/processed/GFB-61832_clibTitin31xpositive/GFB-61832_2510680936_2_clibTitin31xpositive_S22_L002_R1_001.trimmed.fastq.gz,32495622,39.33,437233,87446600,255733,50931335,181500,36515265,224259,36515265,2.8987555503845215
GFB-61833,clibKH15831xpositive,GFB-61833_clibKH15831xpositive,/cluster/project/reddy/marluca/NGS_pipeline/data/raw/P3408_LUCA-TCRA3/POOL-1195-comblib/run1-1000M/20251102122024363-252239/original/GFB-61833_2510601042_1_clibKH15831xpositive/raw_data/GFB-61833_2510601042_1_clibKH15831xpositive_S23_L001_R1_001.fastq.gz,/cluster/project/reddy/katja/NGS_pipeline/data/P3408_LUCA-TCRA3/processed/GFB-61833_clibKH15831xpositive/GFB-61833_2510601042_1_clibKH15831xpositive_S23_L001_R1_001.trimmed.fastq.gz,419823932,39.33,4964523,992904600,3214342,639198910,1750181,353705690,2403467,353705690,22.97691249847412
GFB-61833,clibKH15831xpositive,GFB-61833_clibKH15831xpositive,/cluster/project/reddy/marluca/NGS_pipeline/data/raw/P3408_LUCA-TCRA3/POOL-1195-comblib/run2-500M/20251105212627378-252737/original/GFB-61833_2510680936_1_clibKH15831xpositive/raw_data/GFB-61833_2510680936_1_clibKH15831xpositive_S23_L001_R1_001.fastq.gz,/cluster/project/reddy/katja/NGS_pipeline/data/P3408_LUCA-TCRA3/processed/GFB-61833_clibKH15831xpositive/GFB-61833_2510680936_1_clibKH15831xpositive_S23_L001_R1_001.trimmed.fastq.gz,225617868,39.33,2779922,555984400,1822394,362776569,957528,193207831,1280359,193207831,13.226031303405762
GFB-61833,clibKH15831xpositive,GFB-61833_clibKH15831xpositive,/cluster/project/reddy/marluca/NGS_pipeline/data/raw/P3408_LUCA-TCRA3/POOL-1195-comblib/run1-1000M/20251102121955605-252230/original/GFB-61833_2510601042_2_clibKH15831xpositive/raw_data/GFB-61833_2510601042_2_clibKH15831xpositive_S23_L002_R1_001.fastq.gz,/cluster/project/reddy/katja/NGS_pipeline/data/P3408_LUCA-TCRA3/processed/GFB-61833_clibKH15831xpositive/GFB-61833_2510601042_2_clibKH15831xpositive_S23_L002_R1_001.trimmed.fastq.gz,493328472,39.33,6263335,1252667000,4033355,802991423,2229980,449675577,2927750,449675577,30.258641004562378
GFB-61833,clibKH15831xpositive,GFB-61833_clibKH15831xpositive,/cluster/project/reddy/marluca/NGS_pipeline/data/raw/P3408_LUCA-TCRA3/POOL-1195-comblib/run2-500M/20251105212633296-252740/original/GFB-61833_2510680936_2_clibKH15831xpositive/raw_data/GFB-61833_2510680936_2_clibKH15831xpositive_S23_L002_R1_001.fastq.gz,/cluster/project/reddy/katja/NGS_pipeline/data/P3408_LUCA-TCRA3/processed/GFB-61833_clibKH15831xpositive/GFB-61833_2510680936_2_clibKH15831xpositive_S23_L002_R1_001.trimmed.fastq.gz,243253382,39.33,3256500,651300000,2095029,417374604,1161471,233925396,1482387,233925396,16.157589197158813
GFB-61834,clibKH15931xpositive,GFB-61834_clibKH15931xpositive,/cluster/project/reddy/marluca/NGS_pipeline/data/raw/P3408_LUCA-TCRA3/POOL-1195-comblib/run1-1000M/20251102121935270-252227/original/GFB-61834_2510601042_1_clibKH15931xpositive/raw_data/GFB-61834_2510601042_1_clibKH15931xpositive_S24_L001_R1_001.fastq.gz,/cluster/project/reddy/katja/NGS_pipeline/data/P3408_LUCA-TCRA3/processed/GFB-61834_clibKH15931xpositive/GFB-61834_2510601042_1_clibKH15931xpositive_S24_L001_R1_001.trimmed.fastq.gz,336302320,39.33,3717583,743516600,2540407,504982613,1177176,238533987,1731972,238533987,19.71946954727173
GFB-61834,clibKH15931xpositive,GFB-61834_clibKH15931xpositive,/cluster/project/reddy/marluca/NGS_pipeline/data/raw/P3408_LUCA-TCRA3/POOL-1195-comblib/run2-500M/20251105212626126-252736/original/GFB-61834_2510680936_1_clibKH15931xpositive/raw_data/GFB-61834_2510680936_1_clibKH15931xpositive_S24_L001_R1_001.fastq.gz,/cluster/project/reddy/katja/NGS_pipeline/data/P3408_LUCA-TCRA3/processed/GFB-61834_clibKH15931xpositive/GFB-61834_2510680936_1_clibKH15931xpositive_S24_L001_R1_001.trimmed.fastq.gz,181627612,39.33,2124821,424964200,1439849,286474046,684972,138490154,970566,138490154,10.757164001464844
GFB-61834,clibKH15931xpositive,GFB-61834_clibKH15931xpositive,/cluster/project/reddy/marluca/NGS_pipeline/data/raw/P3408_LUCA-TCRA3/POOL-1195-comblib/run1-1000M/20251102122047558-252245/original/GFB-61834_2510601042_2_clibKH15931xpositive/raw_data/GFB-61834_2510601042_2_clibKH15931xpositive_S24_L002_R1_001.fastq.gz,/cluster/project/reddy/katja/NGS_pipeline/data/P3408_LUCA-TCRA3/processed/GFB-61834_clibKH15931xpositive/GFB-61834_2510601042_2_clibKH15931xpositive_S24_L002_R1_001.trimmed.fastq.gz,436311445,39.33,5217399,1043479800,3484018,693322478,1733381,350157322,2405131,350157322,26.47973394393921
GFB-61834,clibKH15931xpositive,GFB-61834_clibKH15931xpositive,/cluster/project/reddy/marluca/NGS_pipeline/data/raw/P3408_LUCA-TCRA3/POOL-1195-comblib/run2-500M/20251105212629019-252738/original/GFB-61834_2510680936_2_clibKH15931xpositive/raw_data/GFB-61834_2510680936_2_clibKH15931xpositive_S24_L002_R1_001.fastq.gz,/cluster/project/reddy/katja/NGS_pipeline/data/P3408_LUCA-TCRA3/processed/GFB-61834_clibKH15931xpositive/GFB-61834_2510680936_2_clibKH15931xpositive_S24_L002_R1_001.trimmed.fastq.gz,205200100,39.33,2634706,526941200,1713860,341258714,920846,185682486,1222235,185682486,13.564260005950928
GFB-61835,clibKH16031xpositive,GFB-61835_clibKH16031xpositive,/cluster/project/reddy/marluca/NGS_pipeline/data/raw/P3408_LUCA-TCRA3/POOL-1195-comblib/run1-1000M/20251102121920420-252222/original/GFB-61835_2510601042_1_clibKH16031xpositive/raw_data/GFB-61835_2510601042_1_clibKH16031xpositive_S25_L001_R1_001.fastq.gz,/cluster/project/reddy/katja/NGS_pipeline/data/P3408_LUCA-TCRA3/processed/GFB-61835_clibKH16031xpositive/GFB-61835_2510601042_1_clibKH16031xpositive_S25_L001_R1_001.trimmed.fastq.gz,210110547,39.33,2782215,556443000,1493142,296727164,1289073,259715836,1625176,259715836,15.039918899536133
GFB-61835,clibKH16031xpositive,GFB-61835_clibKH16031xpositive,/cluster/project/reddy/marluca/NGS_pipeline/data/raw/P3408_LUCA-TCRA3/POOL-1195-comblib/run2-500M/20251105212513643-252702/original/GFB-61835_2510680936_1_clibKH16031xpositive/raw_data/GFB-61835_2510680936_1_clibKH16031xpositive_S25_L001_R1_001.fastq.gz,/cluster/project/reddy/katja/NGS_pipeline/data/P3408_LUCA-TCRA3/processed/GFB-61835_clibKH16031xpositive/GFB-61835_2510680936_1_clibKH16031xpositive_S25_L001_R1_001.trimmed.fastq.gz,117605409,39.33,1636374,327274800,875818,174217311,760556,153057489,938101,153057489,8.649898052215576
GFB-61835,clibKH16031xpositive,GFB-61835_clibKH16031xpositive,/cluster/project/reddy/marluca/NGS_pipeline/data/raw/P3408_LUCA-TCRA3/POOL-1195-comblib/run1-1000M/20251102121940237-252228/original/GFB-61835_2510601042_2_clibKH16031xpositive/raw_data/GFB-61835_2510601042_2_clibKH16031xpositive_S25_L002_R1_001.fastq.gz,/cluster/project/reddy/katja/NGS_pipeline/data/P3408_LUCA-TCRA3/processed/GFB-61835_clibKH16031xpositive/GFB-61835_2510601042_2_clibKH16031xpositive_S25_L002_R1_001.trimmed.fastq.gz,308224052,39.33,4349419,869883800,2340593,465734961,2008826,404148839,2460209,404148839,20.059112071990967
GFB-61835,clibKH16031xpositive,GFB-61835_clibKH16031xpositive,/cluster/project/reddy/marluca/NGS_pipeline/data/raw/P3408_LUCA-TCRA3/POOL-1195-comblib/run2-500M/20251105212548342-252714/original/GFB-61835_2510680936_2_clibKH16031xpositive/raw_data/GFB-61835_2510680936_2_clibKH16031xpositive_S25_L002_R1_001.fastq.gz,/cluster/project/reddy/katja/NGS_pipeline/data/P3408_LUCA-TCRA3/processed/GFB-61835_clibKH16031xpositive/GFB-61835_2510680936_2_clibKH16031xpositive_S25_L002_R1_001.trimmed.fastq.gz,150640033,39.33,2276116,455223200,1193531,237645344,1082585,217577856,1291160,217577856,11.308157444000244
GFB-61836,clibKH16331xpositive,GFB-61836_clibKH16331xpositive,/cluster/project/reddy/marluca/NGS_pipeline/data/raw/P3408_LUCA-TCRA3/POOL-1195-comblib/run1-1000M/20251102122107980-252248/original/GFB-61836_2510601042_1_clibKH16331xpositive/raw_data/GFB-61836_2510601042_1_clibKH16331xpositive_S26_L001_R1_001.fastq.gz,/cluster/project/reddy/katja/NGS_pipeline/data/P3408_LUCA-TCRA3/processed/GFB-61836_clibKH16331xpositive/GFB-61836_2510601042_1_clibKH16331xpositive_S26_L001_R1_001.trimmed.fastq.gz,182139885,39.33,2298573,459714600,1364103,271366682,934470,188347918,1198438,188347918,10.802501916885376
GFB-61836,clibKH16331xpositive,GFB-61836_clibKH16331xpositive,/cluster/project/reddy/marluca/NGS_pipeline/data/raw/P3408_LUCA-TCRA3/POOL-1195-comblib/run2-500M/20251105212610100-252728/original/GFB-61836_2510680936_1_clibKH16331xpositive/raw_data/GFB-61836_2510680936_1_clibKH16331xpositive_S26_L001_R1_001.fastq.gz,/cluster/project/reddy/katja/NGS_pipeline/data/P3408_LUCA-TCRA3/processed/GFB-61836_clibKH16331xpositive/GFB-61836_2510680936_1_clibKH16331xpositive_S26_L001_R1_001.trimmed.fastq.gz,94745540,39.33,1287013,257402600,748540,149049178,538473,108353422,666544,108353422,6.8065667152404785
GFB-61836,clibKH16331xpositive,GFB-61836_clibKH16331xpositive,/cluster/project/reddy/marluca/NGS_pipeline/data/raw/P3408_LUCA-TCRA3/POOL-1195-comblib/run1-1000M/20251102121930252-252226/original/GFB-61836_2510601042_2_clibKH16331xpositive/raw_data/GFB-61836_2510601042_2_clibKH16331xpositive_S26_L002_R1_001.fastq.gz,/cluster/project/reddy/katja/NGS_pipeline/data/P3408_LUCA-TCRA3/processed/GFB-61836_clibKH16331xpositive/GFB-61836_2510601042_2_clibKH16331xpositive_S26_L002_R1_001.trimmed.fastq.gz,231724123,39.33,3285376,657075200,1852378,368937725,1432998,288137475,1735468,288137475,16.579994678497314
GFB-61836,clibKH16331xpositive,GFB-61836_clibKH16331xpositive,/cluster/project/reddy/marluca/NGS_pipeline/data/raw/P3408_LUCA-TCRA3/POOL-1195-comblib/run2-500M/20251105212623476-252735/original/GFB-61836_2510680936_2_clibKH16331xpositive/raw_data/GFB-61836_2510680936_2_clibKH16331xpositive_S26_L002_R1_001.fastq.gz,/cluster/project/reddy/katja/NGS_pipeline/data/P3408_LUCA-TCRA3/processed/GFB-61836_clibKH16331xpositive/GFB-61836_2510680936_2_clibKH16331xpositive_S26_L002_R1_001.trimmed.fastq.gz,108164495,39.33,1674553,334910600,907721,180882495,766832,154028105,901278,154028105,7.8489158153533936
GFB-61837,clibKH16431xpositive,GFB-61837_clibKH16431xpositive,/cluster/project/reddy/marluca/NGS_pipeline/data/raw/P3408_LUCA-TCRA3/POOL-1195-comblib/run1-1000M/20251102121906011-252211/original/GFB-61837_2510601042_1_clibKH16431xpositive/raw_data/GFB-61837_2510601042_1_clibKH16431xpositive_S27_L001_R1_001.fastq.gz,/cluster/project/reddy/katja/NGS_pipeline/data/P3408_LUCA-TCRA3/processed/GFB-61837_clibKH16431xpositive/GFB-61837_2510601042_1_clibKH16431xpositive_S27_L001_R1_001.trimmed.fastq.gz,47756798,39.33,701561,140312200,347034,69034926,354527,71277274,424303,71277274,4.533297777175903
GFB-61837,clibKH16431xpositive,GFB-61837_clibKH16431xpositive,/cluster/project/reddy/marluca/NGS_pipeline/data/raw/P3408_LUCA-TCRA3/POOL-1195-comblib/run2-500M/20251105212556994-252720/original/GFB-61837_2510680936_1_clibKH16431xpositive/raw_data/GFB-61837_2510680936_1_clibKH16431xpositive_S27_L001_R1_001.fastq.gz,/cluster/project/reddy/katja/NGS_pipeline/data/P3408_LUCA-TCRA3/processed/GFB-61837_clibKH16431xpositive/GFB-61837_2510680936_1_clibKH16431xpositive_S27_L001_R1_001.trimmed.fastq.gz,29935905,39.33,436990,87398000,228037,45396870,208953,42001130,250729,42001130,2.808143377304077
GFB-61837,clibKH16431xpositive,GFB-61837_clibKH16431xpositive,/cluster/project/reddy/marluca/NGS_pipeline/data/raw/P3408_LUCA-TCRA3/POOL-1195-comblib/run1-1000M/20251102122010744-252234/original/GFB-61837_2510601042_2_clibKH16431xpositive/raw_data/GFB-61837_2510601042_2_clibKH16431xpositive_S27_L002_R1_001.fastq.gz,/cluster/project/reddy/katja/NGS_pipeline/data/P3408_LUCA-TCRA3/processed/GFB-61837_clibKH16431xpositive/GFB-61837_2510601042_2_clibKH16431xpositive_S27_L002_R1_001.trimmed.fastq.gz,88723428,39.33,1239244,247848800,689888,137392552,549356,110456248,668770,110456248,6.810910224914551
GFB-61837,clibKH16431xpositive,GFB-61837_clibKH16431xpositive,/cluster/project/reddy/marluca/NGS_pipeline/data/raw/P3408_LUCA-TCRA3/POOL-1195-comblib/run2-500M/20251105212522226-252704/original/GFB-61837_2510680936_2_clibKH16431xpositive/raw_data/GFB-61837_2510680936_2_clibKH16431xpositive_S27_L002_R1_001.fastq.gz,/cluster/project/reddy/katja/NGS_pipeline/data/P3408_LUCA-TCRA3/processed/GFB-61837_clibKH16431xpositive/GFB-61837_2510680936_2_clibKH16431xpositive_S27_L002_R1_001.trimmed.fastq.gz,43976195,39.33,642021,128404200,357364,71202928,284657,57201272,341203,57201272,3.274796724319458
GFB-61838,clibKH16531xpositive,GFB-61838_clibKH16531xpositive,/cluster/project/reddy/marluca/NGS_pipeline/data/raw/P3408_LUCA-TCRA3/POOL-1195-comblib/run1-1000M/20251102122109250-252249/original/GFB-61838_2510601042_1_clibKH16531xpositive/raw_data/GFB-61838_2510601042_1_clibKH16531xpositive_S28_L001_R1_001.fastq.gz,/cluster/project/reddy/katja/NGS_pipeline/data/P3408_LUCA-TCRA3/processed/GFB-61838_clibKH16531xpositive/GFB-61838_2510601042_1_clibKH16531xpositive_S28_L001_R1_001.trimmed.fastq.gz,80936157,39.33,984307,196861400,584643,116254779,399664,80606621,522275,80606621,5.035823106765747
GFB-61838,clibKH16531xpositive,GFB-61838_clibKH16531xpositive,/cluster/project/reddy/marluca/NGS_pipeline/data/raw/P3408_LUCA-TCRA3/POOL-1195-comblib/run2-500M/20251105212558386-252721/original/GFB-61838_2510680936_1_clibKH16531xpositive/raw_data/GFB-61838_2510680936_1_clibKH16531xpositive_S28_L001_R1_001.fastq.gz,/cluster/project/reddy/katja/NGS_pipeline/data/P3408_LUCA-TCRA3/processed/GFB-61838_clibKH16531xpositive/GFB-61838_2510680936_1_clibKH16531xpositive_S28_L001_R1_001.trimmed.fastq.gz,46323201,39.33,577014,115402800,353441,70345475,223573,45057325,289872,45057325,3.5324227809906006
GFB-61838,clibKH16531xpositive,GFB-61838_clibKH16531xpositive,/cluster/project/reddy/marluca/NGS_pipeline/data/raw/P3408_LUCA-TCRA3/POOL-1195-comblib/run1-1000M/20251102121905011-252210/original/GFB-61838_2510601042_2_clibKH16531xpositive/raw_data/GFB-61838_2510601042_2_clibKH16531xpositive_S28_L002_R1_001.fastq.gz,/cluster/project/reddy/katja/NGS_pipeline/data/P3408_LUCA-TCRA3/processed/GFB-61838_clibKH16531xpositive/GFB-61838_2510601042_2_clibKH16531xpositive_S28_L002_R1_001.trimmed.fastq.gz,98212287,39.33,1284428,256885600,757341,150773764,527087,106111836,663267,106111836,6.782836437225342
GFB-61838,clibKH16531xpositive,GFB-61838_clibKH16531xpositive,/cluster/project/reddy/marluca/NGS_pipeline/data/raw/P3408_LUCA-TCRA3/POOL-1195-comblib/run2-500M/20251105212611781-252729/original/GFB-61838_2510680936_2_clibKH16531xpositive/raw_data/GFB-61838_2510680936_2_clibKH16531xpositive_S28_L002_R1_001.fastq.gz,/cluster/project/reddy/katja/NGS_pipeline/data/P3408_LUCA-TCRA3/processed/GFB-61838_clibKH16531xpositive/GFB-61838_2510680936_2_clibKH16531xpositive_S28_L002_R1_001.trimmed.fastq.gz,49904087,39.33,683151,136630200,405730,80822517,277421,55807683,342565,55807683,3.7911295890808105
GFB-61839,clibKH16731xpositive,GFB-61839_clibKH16731xpositive,/cluster/project/reddy/marluca/NGS_pipeline/data/raw/P3408_LUCA-TCRA3/POOL-1195-comblib/run1-1000M/20251102121915728-252218/original/GFB-61839_2510601042_1_clibKH16731xpositive/raw_data/GFB-61839_2510601042_1_clibKH16731xpositive_S29_L001_R1_001.fastq.gz,/cluster/project/reddy/katja/NGS_pipeline/data/P3408_LUCA-TCRA3/processed/GFB-61839_clibKH16731xpositive/GFB-61839_2510601042_1_clibKH16731xpositive_S29_L001_R1_001.trimmed.fastq.gz,113351905,39.33,1430744,286148800,842457,167447554,588287,118701246,775661,118701246,7.206671953201294
GFB-61839,clibKH16731xpositive,GFB-61839_clibKH16731xpositive,/cluster/project/reddy/marluca/NGS_pipeline/data/raw/P3408_LUCA-TCRA3/POOL-1195-comblib/run2-500M/20251105212601695-252723/original/GFB-61839_2510680936_1_clibKH16731xpositive/raw_data/GFB-61839_2510680936_1_clibKH16731xpositive_S29_L001_R1_001.fastq.gz,/cluster/project/reddy/katja/NGS_pipeline/data/P3408_LUCA-TCRA3/processed/GFB-61839_clibKH16731xpositive/GFB-61839_2510680936_1_clibKH16731xpositive_S29_L001_R1_001.trimmed.fastq.gz,56589036,39.33,775557,155111400,443461,88230315,332096,66881085,420309,66881085,3.963902711868286
GFB-61839,clibKH16731xpositive,GFB-61839_clibKH16731xpositive,/cluster/project/reddy/marluca/NGS_pipeline/data/raw/P3408_LUCA-TCRA3/POOL-1195-comblib/run1-1000M/20251102122116132-252255/original/GFB-61839_2510601042_2_clibKH16731xpositive/raw_data/GFB-61839_2510601042_2_clibKH16731xpositive_S29_L002_R1_001.fastq.gz,/cluster/project/reddy/katja/NGS_pipeline/data/P3408_LUCA-TCRA3/processed/GFB-61839_clibKH16731xpositive/GFB-61839_2510601042_2_clibKH16731xpositive_S29_L002_R1_001.trimmed.fastq.gz,154123542,39.33,2131766,426353200,1208290,240413044,923476,185940156,1162059,185940156,10.87213397026062
GFB-61839,clibKH16731xpositive,GFB-61839_clibKH16731xpositive,/cluster/project/reddy/marluca/NGS_pipeline/data/raw/P3408_LUCA-TCRA3/POOL-1195-comblib/run2-500M/20251105212555681-252719/original/GFB-61839_2510680936_2_clibKH16731xpositive/raw_data/GFB-61839_2510680936_2_clibKH16731xpositive_S29_L002_R1_001.fastq.gz,/cluster/project/reddy/katja/NGS_pipeline/data/P3408_LUCA-TCRA3/processed/GFB-61839_clibKH16731xpositive/GFB-61839_2510680936_2_clibKH16731xpositive_S29_L002_R1_001.trimmed.fastq.gz,68735122,39.33,1055808,211161600,563964,112287472,491844,98874128,592180,98874128,5.134270429611206
GFB-61840,cliboriginallib,GFB-61840_cliboriginallib,/cluster/project/reddy/marluca/NGS_pipeline/data/raw/P3408_LUCA-TCRA3/POOL-1195-comblib/run1-1000M/20251102122704576-252275/original/GFB-61840_2510601042_1_cliboriginallib/raw_data/GFB-61840_2510601042_1_cliboriginallib_S30_L001_R1_001.fastq.gz,/cluster/project/reddy/katja/NGS_pipeline/data/P3408_LUCA-TCRA3/processed/GFB-61840_cliboriginallib/GFB-61840_2510601042_1_cliboriginallib_S30_L001_R1_001.trimmed.fastq.gz,2378506378,39.33,29728685,5945737000,17173743,3415955087,12554942,2529781913,15948886,2529781913,134.88948345184326
GFB-61840,cliboriginallib,GFB-61840_cliboriginallib,/cluster/project/reddy/marluca/NGS_pipeline/data/raw/P3408_LUCA-TCRA3/POOL-1195-comblib/run2-500M/20251105212645865-252749/original/GFB-61840_2510680936_1_cliboriginallib/raw_data/GFB-61840_2510680936_1_cliboriginallib_S30_L001_R1_001.fastq.gz,/cluster/project/reddy/katja/NGS_pipeline/data/P3408_LUCA-TCRA3/processed/GFB-61840_cliboriginallib/GFB-61840_2510680936_1_cliboriginallib_S30_L001_R1_001.trimmed.fastq.gz,1330233247,39.33,17522059,3504411800,10107269,2012204134,7414790,1492207666,9198136,1492207666,72.01509094238281
GFB-61840,cliboriginallib,GFB-61840_cliboriginallib,/cluster/project/reddy/marluca/NGS_pipeline/data/raw/P3408_LUCA-TCRA3/POOL-1195-comblib/run1-1000M/20251102122711639-252282/original/GFB-61840_2510601042_2_cliboriginallib/raw_data/GFB-61840_2510601042_2_cliboriginallib_S30_L002_R1_001.fastq.gz,/cluster/project/reddy/katja/NGS_pipeline/data/P3408_LUCA-TCRA3/processed/GFB-61840_cliboriginallib/GFB-61840_2510601042_2_cliboriginallib_S30_L002_R1_001.trimmed.fastq.gz,3091342045,39.33,43133810,8626762000,23804590,4740342260,19329220,3886419740,23337004,3886419740,194.46876096725464
GFB-61840,cliboriginallib,GFB-61840_cliboriginallib,/cluster/project/reddy/marluca/NGS_pipeline/data/raw/P3408_LUCA-TCRA3/POOL-1195-comblib/run2-500M/20251105212745583-252767/original/GFB-61840_2510680936_2_cliboriginallib/raw_data/GFB-61840_2510680936_2_cliboriginallib_S30_L002_R1_001.fastq.gz,/cluster/project/reddy/katja/NGS_pipeline/data/P3408_LUCA-TCRA3/processed/GFB-61840_cliboriginallib/GFB-61840_2510680936_2_cliboriginallib_S30_L002_R1_001.trimmed.fastq.gz,1523023325,39.33,22667972,4533594400,12309911,2452663502,10358061,2080930898,12231727,2080930898,90.87896728515625
